Date,Content
2020-04-12,https://boxd.it/2Dzwo
2020-05-05,https://boxd.it/1R82A
2020-05-14,https://boxd.it/mqKk
2020-05-22,https://boxd.it/8HjM
2020-05-25,https://boxd.it/1nDOq
2020-05-26,https://boxd.it/48tSk
2020-05-27,https://boxd.it/5ob3E
2020-05-27,https://boxd.it/5qB0A
2020-06-05,https://boxd.it/5DKuA
2020-06-07,https://boxd.it/V61u
2020-06-14,https://boxd.it/55Mq
2020-06-16,https://boxd.it/502LY
2020-06-17,https://boxd.it/Lb60
2020-06-21,https://boxd.it/2R2F6
2020-06-22,https://boxd.it/5IwDy
2020-06-28,https://boxd.it/2gCtQ
2020-07-01,https://boxd.it/33BsA
2020-07-01,https://boxd.it/5Dd9O
2020-07-01,https://boxd.it/HW9i
2020-07-01,https://boxd.it/2U7RW
2020-07-01,https://boxd.it/6RF0
2020-07-01,https://boxd.it/1xcZG
2020-07-05,https://boxd.it/4nI7I
2020-07-13,https://boxd.it/2RpdO
2020-07-13,https://boxd.it/5So96
2020-07-14,https://boxd.it/7CJy
2020-07-15,https://boxd.it/2iOZo
2020-07-15,https://boxd.it/GRJ4
2020-07-15,https://boxd.it/SnSk
2020-07-15,https://boxd.it/g8IS
2020-07-21,https://boxd.it/8E1q
2020-08-05,https://boxd.it/5AOdi
2020-08-06,https://boxd.it/2W7QS
2020-08-08,https://boxd.it/7zCqq
2020-08-09,https://boxd.it/HYLo
2020-08-09,https://boxd.it/4PkZC
2020-08-13,https://boxd.it/7F7T4
2020-08-17,https://boxd.it/2VQVG
2020-08-22,https://boxd.it/7xbXo
2020-08-22,https://boxd.it/7F0Ny
2020-08-23,https://boxd.it/1Rhi
2020-08-25,https://boxd.it/4j0dY
2020-08-30,https://boxd.it/1XEue
2020-08-30,https://boxd.it/4GQ8s
2020-09-02,https://boxd.it/5t08I
2020-09-21,https://boxd.it/8Is5u
2020-10-21,https://boxd.it/9124I
2020-10-22,https://boxd.it/1VVZO
2020-10-30,https://boxd.it/8FMKG
2020-11-02,https://boxd.it/I45e
2020-11-02,https://boxd.it/1jVqy
2020-11-13,https://boxd.it/43he8
2020-11-20,https://boxd.it/3LpVy
2020-11-20,https://boxd.it/90plK
2020-11-24,https://boxd.it/a1Vww
2020-11-28,https://boxd.it/5gwMa
2020-12-01,https://boxd.it/aks9w
2020-12-08,https://boxd.it/CN4S
2020-12-12,https://boxd.it/alLrc
2020-12-22,https://boxd.it/aqtYi
2020-12-22,https://boxd.it/4XYnu
2020-12-24,https://boxd.it/aqP76
2020-12-25,https://boxd.it/azQtq
2020-12-27,https://boxd.it/15epu
2020-12-27,https://boxd.it/7d4Cy
2020-12-29,https://boxd.it/52Hfy
2020-12-30,https://boxd.it/2PwOe
2020-12-31,https://boxd.it/atfmU
2021-01-05,https://boxd.it/aJNOK
2021-01-09,https://boxd.it/KzKm
2021-02-02,https://boxd.it/5jfrq
2021-02-05,https://boxd.it/b5Xq8
2021-02-07,https://boxd.it/W4kw
2021-02-18,https://boxd.it/7ztG0
2021-02-23,https://boxd.it/8VQ7K
2021-02-24,https://boxd.it/Zmg4
2021-02-28,https://boxd.it/1xgBS
2021-03-02,https://boxd.it/rLsQ
2021-03-07,https://boxd.it/bftem
2021-03-11,https://boxd.it/blP1c
2021-03-19,https://boxd.it/1R3EO
2021-03-23,https://boxd.it/bg6xW
2021-03-30,https://boxd.it/axj10
2021-04-09,https://boxd.it/bmIrk
2021-04-21,https://boxd.it/bLOX2
2021-04-21,https://boxd.it/kWMe
2021-04-22,https://boxd.it/bOONs
2021-04-27,https://boxd.it/2U4Ru
2021-04-27,https://boxd.it/5gszm
2021-05-01,https://boxd.it/bWNdE
2021-05-05,https://boxd.it/c07bY
2021-05-08,https://boxd.it/1khRQ
2021-05-08,https://boxd.it/23L5W
2021-05-08,https://boxd.it/etXA
2021-05-08,https://boxd.it/dCxO
2021-05-08,https://boxd.it/54rM6
2021-05-09,https://boxd.it/aR0Rm
2021-05-14,https://boxd.it/43XeO
2021-06-02,https://boxd.it/5SFsY
2021-06-19,https://boxd.it/5QOKy
2021-07-24,https://boxd.it/cFAMc
2021-07-24,https://boxd.it/cs13U
2021-07-31,https://boxd.it/1n9vy
2021-08-06,https://boxd.it/2Qq4Q
2021-08-15,https://boxd.it/1sWsS
2021-09-07,https://boxd.it/3Q2JY
2021-10-19,https://boxd.it/cLZSm
2021-11-16,https://boxd.it/dU3uy
2021-11-26,https://boxd.it/e5Jyk
2021-11-26,https://boxd.it/1A9wM
2021-12-13,https://boxd.it/cWj8y
2021-12-20,https://boxd.it/1NgL6
2021-12-23,https://boxd.it/emDc2
2021-12-23,https://boxd.it/ejGDu
2021-12-25,https://boxd.it/ef0lq
2021-12-31,https://boxd.it/ehJZO
2022-01-03,https://boxd.it/eHQp6
2022-01-11,https://boxd.it/KY54
2022-01-27,https://boxd.it/100b4
2022-01-27,https://boxd.it/8KN9Q
2022-01-31,https://boxd.it/4meKo
2022-02-02,https://boxd.it/tXsW
2022-02-06,https://boxd.it/3Odto
2022-02-18,https://boxd.it/1qX2M
2022-02-18,https://boxd.it/7I10y
2022-02-18,https://boxd.it/12gqI
2022-02-18,https://boxd.it/8joe
2022-02-22,https://boxd.it/gLHY
2022-03-10,https://boxd.it/40dWY
2022-03-12,https://boxd.it/fHQFs
2022-04-09,https://boxd.it/fq3A0
2022-04-14,https://boxd.it/g8H2g
2022-04-15,https://boxd.it/cjoUE
2022-04-24,https://boxd.it/gajLg
2022-04-26,https://boxd.it/bc6Ae
2022-04-28,https://boxd.it/bV7wW
2022-04-30,https://boxd.it/gfjpY
2022-05-02,https://boxd.it/2I5Ts
2022-05-14,https://boxd.it/aZ6TO
2022-05-18,https://boxd.it/gy2Qm
2022-05-25,https://boxd.it/arZHg
2022-05-25,https://boxd.it/5ye1Q
2022-06-03,https://boxd.it/4Cpbc
2022-06-06,https://boxd.it/4bamK
2022-06-07,https://boxd.it/4qSM
2022-06-07,https://boxd.it/gI68y
2022-07-04,https://boxd.it/8K5GG
2022-07-06,https://boxd.it/c4L8y
2022-07-11,https://boxd.it/gP6eg
2022-07-13,https://boxd.it/h9xnO
2022-07-13,https://boxd.it/heZM8
2022-07-13,https://boxd.it/hjZYy
2022-07-13,https://boxd.it/h3RM8
2022-07-13,https://boxd.it/3Kzwc
2022-07-14,https://boxd.it/gsKmI
2022-07-14,https://boxd.it/fAeCG
2022-07-26,https://boxd.it/cw2FI
2022-07-26,https://boxd.it/1M9mm
2022-08-02,https://boxd.it/hBM10
2022-08-03,https://boxd.it/2DU8
2022-08-05,https://boxd.it/hDdoM
2022-08-05,https://boxd.it/b5YW0
2022-08-16,https://boxd.it/ft5rK
2022-08-22,https://boxd.it/hmLMO
2022-08-27,https://boxd.it/2nJVQ
2022-08-29,https://boxd.it/8S6qU
2022-09-07,https://boxd.it/gGc6u
2022-09-08,https://boxd.it/hD188
2022-09-08,https://boxd.it/csO2c
2022-09-09,https://boxd.it/i24l0
2022-09-19,https://boxd.it/1xx9G
2022-09-21,https://boxd.it/c8d1Q
2022-09-23,https://boxd.it/il6nK
2022-09-23,https://boxd.it/ckXKQ
2022-09-24,https://boxd.it/flqHe
2022-09-24,https://boxd.it/cHHe6
2022-09-29,https://boxd.it/huUTK
2022-10-02,https://boxd.it/iqYTq
2022-10-03,https://boxd.it/iw4y4
2022-10-05,https://boxd.it/gCB7Y
2022-10-05,https://boxd.it/3YYX6
2022-10-07,https://boxd.it/4P9fo
2022-10-11,https://boxd.it/3KREI
2022-10-11,https://boxd.it/4v5Ui
2022-10-20,https://boxd.it/YHQU
2022-10-22,https://boxd.it/24CvS
2022-11-02,https://boxd.it/3ZVxm
2022-11-05,https://boxd.it/iQQAi
2022-11-08,https://boxd.it/dauW
2022-11-15,https://boxd.it/iWmUk
2022-11-28,https://boxd.it/iRVsq
2022-11-28,https://boxd.it/j5LHe
2022-12-02,https://boxd.it/gYIJu
2022-12-06,https://boxd.it/jmErs
2022-12-17,https://boxd.it/jsOVY
2022-12-17,https://boxd.it/qtSa
2022-12-20,https://boxd.it/iYw7m
2022-12-20,https://boxd.it/joSAs
2022-12-21,https://boxd.it/jzKY4
2022-12-21,https://boxd.it/jsmPS
2023-01-03,https://boxd.it/1Lqpg
2023-01-08,https://boxd.it/hRXV6
2023-01-16,https://boxd.it/kzXxa
2023-01-18,https://boxd.it/BVv6
2023-01-21,https://boxd.it/kxvo6
2023-01-28,https://boxd.it/kPqrg
2023-02-18,https://boxd.it/leRt4
2023-02-21,https://boxd.it/1dyh2
2023-02-22,https://boxd.it/2e6rE
2023-02-25,https://boxd.it/12LOc
2023-02-25,https://boxd.it/8Tvg
2023-02-25,https://boxd.it/4Sya0
2023-03-18,https://boxd.it/fOipa
2023-03-27,https://boxd.it/lxqHw
2023-04-04,https://boxd.it/5gbTu
2023-04-08,https://boxd.it/matuo
2023-04-15,https://boxd.it/lSV5q
2023-04-29,https://boxd.it/mrUHy
2023-04-29,https://boxd.it/mfEQU
2023-05-09,https://boxd.it/5OYyo
2023-05-17,https://boxd.it/mNShC
2023-05-23,https://boxd.it/mDyiU
2023-05-26,https://boxd.it/myvhO
2023-06-03,https://boxd.it/dpCAE
2023-06-08,https://boxd.it/naTBu
2023-06-18,https://boxd.it/mZE9e
2023-06-28,https://boxd.it/ntdfY
2023-08-19,https://boxd.it/cuhfm
2023-09-03,https://boxd.it/oGWec
2023-09-07,https://boxd.it/oPxs2
2023-10-19,https://boxd.it/4fWb4
2023-11-27,https://boxd.it/eQV8i
2024-01-02,https://boxd.it/o60uu
2024-01-24,https://boxd.it/bAS2M
2024-02-06,https://boxd.it/i7jBi
2024-05-06,https://boxd.it/2yuk
2024-08-04,https://boxd.it/wKe5A
2024-08-13,https://boxd.it/xKPdq
2024-08-18,https://boxd.it/iWseO
2024-10-06,https://boxd.it/zj7So
2024-11-15,https://boxd.it/An7OS
2024-11-16,https://boxd.it/t8Hw
2025-01-04,https://boxd.it/BazyQ
2025-01-16,https://boxd.it/CTLyW
2025-02-21,https://boxd.it/s0QAS
2025-02-22,https://boxd.it/yLraI
2025-06-05,https://boxd.it/fXbo
2025-06-19,https://boxd.it/Ho3vC
2025-06-22,https://boxd.it/I7rlc
2025-07-19,https://boxd.it/IaNHg
2025-08-23,https://boxd.it/tqjLE
2025-09-13,https://boxd.it/cWzV2
2025-09-13,https://boxd.it/l0HZG
2025-10-12,https://boxd.it/fddI
2026-01-07,https://boxd.it/QFicU
2026-01-07,https://boxd.it/Em5hw
2026-03-05,https://boxd.it/SYilo
2026-03-29,https://boxd.it/5yYd4
2026-03-31,https://boxd.it/TsQtG
