Date,Content,Comment
2020-04-07,https://boxd.it/14k32X,"Thanks, I'll check it out!"
2020-04-13,https://boxd.it/151CDP,rip ray
2020-05-08,https://boxd.it/17UZCD,"Even though it may feel like a chore, I, along with many others, LOVE your videos. They're what inspired me to join Letterboxd and write reviews, so thank you."
2020-05-13,https://boxd.it/18PTkx,"Agreed, I liked his character more than Christoph Waltz's. Very underrated performance."
2020-05-24,https://boxd.it/19ZFbF,"I love Tintin! And agree that he hasn't made a lot of ""good"" lately but I have some hope for West Side Story."
2020-05-26,https://boxd.it/1ajjz1,"I'm glad you enjoyed it, but why is it 4 and not 5 stars?"
2020-05-26,https://boxd.it/1algar,"Yes, it's mine too! I've learned through this whole experience that Kubrick truly was a master director, and that he doesn't disappoint :)"
2020-05-26,https://boxd.it/1algar,"Barry Lyndon is a good one, that sounds like a great place to end!"
2020-06-06,https://boxd.it/1bs53R,"You found it to be that good? I thought it dragged for a lot of the film, though it deserves a re-watch."
2020-06-08,https://boxd.it/1bKIu9,Why not the full 5 stars?
2020-06-09,https://boxd.it/1bNtZx,"I've wanted to see this for a while now, Spike Lee considers it to be one of his favorite films"
2020-06-09,https://boxd.it/1bKIu9,"Fair points, I'm glad you loved it nonetheless!"
2020-06-10,https://boxd.it/1bTEbb,"That's good to hear. I struggled with this the first time, as well as the LOTR movies, Barry Lyndon, etc. Maybe my engagement in Irishman this time is a sign of hope!"
2020-06-10,https://boxd.it/1bZM5R,"That's alright - having not been through divorce, I don't see the film the same way as other people, but it opened my eyes to how truly brutal the process is and did it perfectly. It's the kind of film that changes you."
2020-06-12,https://boxd.it/1c8lUr,Where did you see it? It's not on Netflix until tomorrow
2020-06-12,https://boxd.it/1bWKZH,How does it compare to other Lee films like BlacKkKlansmen and Do the Right Thing?
2020-06-15,https://boxd.it/1armxt,"If I may ask, how did you find this??? I've looked everywhere online and can't find jack shit"
2020-06-17,https://boxd.it/1cDJSh,Fartemis Fowl
2020-06-18,https://boxd.it/1cKERd,"Judi Dench is like John Travolta in the sense that she seems to accept any script, even the worst ones like this"
2020-06-26,https://boxd.it/1dwiWV,"@JosefQazi I'm using movieinsider.com as a source, since they list films by nationwide release and limited release. I'll be watching all nationwide releases and limited releases with at least a 2.5 LB rating so I don't watch <i>everything</i> (that would take too long before I move into other years lol)"
2020-06-27,https://boxd.it/1dGyj1,"Always really liked this one, enjoy it more than most Marvel movies. I've noticed that Doctor Strange takes a strange amount of similarity to the first half hour or so of the film."
2020-06-29,https://boxd.it/1dOotB,Fine homosexual wine... that is legendary
2020-07-01,https://boxd.it/1e41pt,That poster makes it look like an erotica
2020-07-01,https://boxd.it/1e4SQd,"I really do want to see it, I'm surprised Spike Lee didn't include it."
2020-07-01,https://boxd.it/1e4SQd,For sure I will!
2020-07-03,https://boxd.it/1ednyb,Very fitting watch for this time of year
2020-07-10,https://boxd.it/1eOa6H,I'm disappointed :(
2020-07-11,https://boxd.it/1eOa6H,I looove Death Proof (need to rewatch) and seeing you give it a low rating made me sad
2020-07-11,https://boxd.it/1f5bL1,"I get that, but I found it to be simple to the point of borrowing from a bunch of cliches and feeling unspecial."
2020-07-13,https://boxd.it/1fgq65,"Nice, hopefully Master lives up to the hype! I'm watching Boogie Nights next and I'm super stoked :)"
2020-07-15,https://boxd.it/33BsA,"I LOVE seeing Boogie Nights on here

And I've seen 20%"
2020-07-19,https://boxd.it/16LTf7,Also Tom Holland's boyish face as Nathan Drake... awful
2020-07-24,https://boxd.it/1graSN,"Roger Ebert gave it 1 star, so you aren't on your own"
2020-07-24,https://boxd.it/7v9xE,Is there a Kubrick video coming soon?
2020-07-24,https://boxd.it/1gt29z,"I get that; it was good for sure, and it does make me want to see more Scorseses, though it didn't really do much for me overall."
2020-08-02,https://boxd.it/wifOJ,I thought he said in the first episode of Sardonicast he bumped it up to a 7
2020-08-02,https://boxd.it/1ho9Dv,"I do want to see Us, but no, it's a 2017 film binge."
2020-08-02,https://boxd.it/1ho9Dv,I'm excited for that as well!
2020-08-02,https://boxd.it/1hqzh5,"No spoilers, but... it's not the last"
2020-08-03,https://boxd.it/1hrmd7,I had nothing else to do lol I'm surprised as well
2020-08-03,https://boxd.it/1hrmd7,"I'm going in order of release date for his films, so in that case yes, Synecdoche and Anomalisa will be last!"
2020-08-04,https://boxd.it/1hCI6f,Agreed. It's decent but one of the weaker Kubrick films
2020-08-04,https://boxd.it/119CN1,"I'll hopefully be watching it again soon lol, I'm pondering the idea of a Scorsese binge. So don't worry, this was my first review when I was still new to this."
2020-08-06,https://boxd.it/1hOsPd,LMAO I always expected this to be balderdash
2020-08-08,https://boxd.it/1hYNMf,"I believe you are correct! And yes, it was truly brilliant"
2020-08-09,https://boxd.it/1i3IUt,YES
2020-08-10,https://boxd.it/1ibFdx,"Easily top 5 for me. Literally so fucking overwhelming and relatable. It throws your emotions in a pot and puts it on an oven, making you feel so many different things in 62 minutes. There's nothing else like it."
2020-08-12,https://boxd.it/1ip6Fz,"Given its release year, it probably is Southern propaganda lmao"
2020-08-12,https://boxd.it/1iuKrx,Took you long enough
2020-08-17,https://boxd.it/YC53P,Yes you do
2020-08-23,https://boxd.it/1juz8j,"Damn, nice! How are you seeing it?"
2020-08-23,https://boxd.it/1juz8j,"That's awesome, hopefully it lives up to the anticipation!"
2020-08-24,https://boxd.it/1jFxuT,Least favorite of 2020 so far?
2020-08-24,https://boxd.it/1jIgBT,You give out too many 5 star ratings lol
2020-08-24,https://boxd.it/1jIgBT,Well it's improvement for sure
2020-08-26,https://boxd.it/1jV24R,"It's possible, you just need to have bought it on DVD or VHS when available."
2020-08-27,https://boxd.it/1jWvXX,AGREED
2020-08-29,https://boxd.it/58ALY,The Ballad of Buster Scruggs
2020-09-06,https://boxd.it/1l1C8L,Did you pirate it?
2020-09-07,https://boxd.it/1l2mpN,Totally agreed!
2020-09-08,https://boxd.it/1lkWJP,Thank you!
2020-09-09,https://boxd.it/1lrotx,Oh boy am I ready!
2020-09-10,https://boxd.it/1lvCY3,Glad to know you didn't pay for it
2020-09-10,https://boxd.it/1lwNAt,Now that's more like it
2020-09-10,https://boxd.it/1lxDep,Ok I don't want to overstep but isn't it good to have a girlfriend who's that into movies?
2020-09-11,https://boxd.it/1lBW1n,Wholly agreed
2020-09-13,https://boxd.it/1lJKy1,Glad to hear it's as good as we hoped! Excited for the review
2020-09-16,https://boxd.it/1m4aYf,Yes sir!
2020-09-16,https://boxd.it/1m4aYf,Nice! I'm definitely looking forward to it
2020-09-18,https://boxd.it/1mkFzd,"I had the exact same effect when I watched Shame, another film by McQueen. I had to watch it a second time to fully embrace it's masterful filmmaking. Highly recommended! Anyway, great review. Excited to see the rest of your thoughts from the festival."
2020-09-22,https://boxd.it/1mGdeZ,"I will be watching that soon! I want to space things out by a few days, so I don't watch a bunch of westerns in a row and end up getting tired of them, but sometime this week I will be watching Once Upon a Time in the West"
2020-09-29,https://boxd.it/8NUBe,"You have the incorrect version of The Special on this list, the synopsis on the film festival website matches this one: https://letterboxd.com/film/the-special-2020-1/"
2020-10-10,https://boxd.it/1oDOnL,That's a fair opinion. There are definitely some fantastic aspects to it and I do understand why some people hold it in such high regard.
2020-10-10,https://boxd.it/1oDOnL,"Completely agree, the simplicity is brilliantly executed"
2020-10-10,https://boxd.it/1oDOnL,"The pacing just felt a bit off, and a lot of scenes didn't seem to have the correct tone / tonal shifts, if that makes sense. The plot itself and the way its shot are the simple elements that I think work very well."
2020-10-14,https://boxd.it/8QPzS,I will be watching it virtually - I'll probably watch it this weekend
2020-10-19,https://boxd.it/1pwB2b,Correct
2020-10-21,https://boxd.it/1pPeGF,"It seemed like Oscar bait from when I first heard about the film, but the 1/2 star rating from you confirms that."
2020-10-26,https://boxd.it/1qmuTL,"That is a fair point. Whenever I get around to watching It Comes at Night, I'll keep what you said in mind."
2020-10-26,https://boxd.it/1qmuTL,"Thanks for the heads up, I'll be sure not to"
2020-10-27,https://boxd.it/1qxfPr,I feel the same way. One of the best films of the 2000s and arguably the 20th century.
2020-10-29,https://boxd.it/1qGjfF,lame
2020-10-30,https://boxd.it/1qPPmL,"Pulp Fiction is a really good movie, don't get me wrong. I just don't agree with all the legendary hype."
2020-11-05,https://boxd.it/1rvt9f,Yes!
2020-11-07,https://boxd.it/33BsA,"The description still says the top 3 are in order but that's when it was Synecdoche, Mr. Fox and ISABD. Are the top 5 technically in order now with Paterson and Wendy & Lucy?"
2020-11-18,https://boxd.it/1sPSnv,"Fair, though I've always figured the dream started once they actually entered Vienna and starting talking more seriously."
2020-11-19,https://boxd.it/1sPSnv,"I thought Call Me by Your Name was excellent as well, but I think I fell in love with this one more"
2020-11-21,https://boxd.it/1t86db,"In that case, I think it's safe to say this is one of the best stepping stones for those who are getting into more artistic cinema. Watching this is such a satisfying experience in any case, let alone an average moviegoer's first art film."
2020-11-22,https://boxd.it/PcGcr,What is your rating?
2020-11-24,https://boxd.it/1tu8xV,Based - best Tarantino
2020-11-26,https://boxd.it/1tC0Sd,You think he was horny in this lmao dude go watch Eyes Wide Shut
2020-11-27,https://boxd.it/1tM78r,cyujm
2020-11-27,https://boxd.it/1tNa87,It's close but it doesn't give me the emotional punch that I look for out of my 10/10 films
2020-11-28,https://boxd.it/1tOnUF,Ym is the highest 9.5 possible
2020-11-29,https://boxd.it/1tW4Ez,Yes it is!
2020-11-29,https://boxd.it/1tZv4z,I take it you enjoy Fight Club more than I did?
2020-11-29,https://boxd.it/1tZv4z,"That's totally understandable - it deserves a rewatch.

And please go into more detail with the ""you know what"" as you put it, in case I missed something key."
2020-11-29,https://boxd.it/1tZv4z,Ahhh yes yes
2020-11-29,https://boxd.it/1u0tDT,h
2020-11-29,https://boxd.it/90v8W,What a great idea for a list! Can't wait to see more!
2020-11-30,https://boxd.it/Pgax1,"Re-watch it, dino boy"
2020-11-30,https://boxd.it/1u6Tbj,"I might just do that... hmm, that's a good idea"
2020-11-30,https://boxd.it/1u6Tbj,"My parents are trying to decide if they want to watch Spirited Away or a Wes Anderson film, this'll be interesting"
2020-11-30,https://boxd.it/1u6Tbj,Rushmore would also be a very good choice
2020-11-30,https://boxd.it/1u6Tbj,Indeed it is; the kids are gonna love it!
2020-11-30,https://boxd.it/1uaMpB,"What did you think of it? I thought it was well made, though the way the story is told is a bit dull"
2020-11-30,https://boxd.it/1uaNbl,YES
2020-11-30,https://boxd.it/1jxLop,That's good to hear! I tried looking for the directors cut during spooky season but couldn't find it anywhere. Where might I find it?
2020-12-01,https://boxd.it/1ubMzj,"Exactly.


Also I saw your earlier comment about Memories of Murder and I totally agree."
2020-12-02,https://boxd.it/1ubMzj,That's good to hear; I'm not sure what it was for me. I went in with the expectations that Zodiac would be how it is and I still had trouble consistently paying attention.
2020-12-02,https://boxd.it/1ubMzj,I'm planning to in the coming days - trying to fit in all of Fincher's films before Mank releases
2020-12-02,https://boxd.it/1ubMzj,"Sadly I don't think I'll have enough time, but maybe in the future. It's on my radar for sure"
2020-12-05,https://boxd.it/amL2y,"2300 is a bit of an odd number to be a milestone, is there a greater significance to it?"
2020-12-05,https://boxd.it/amL2y,"Oh okay, my bad. That makes sense"
2020-12-10,https://boxd.it/1vf5VN,"Does it qualify for the Academy Awards? According to IMDb, it hasn't had a limited or wide US release yet this year."
2020-12-12,https://boxd.it/1voIqn,Just wait for Antichrist and Oldboy (except Oldboy is a good movie)
2020-12-14,https://boxd.it/1vGgr9,I'm sure he would. He definitely loves to make films that divide the audience.
2020-12-15,https://boxd.it/1vLQLT,"Finally

Widow Europe"
2020-12-15,https://boxd.it/1vOeaV,"I honestly was so frustrated with the way the film was edited. It either looked unintentionally cheap or just felt uneven.

I laughed out loud when I remembered the editing was nominated for an academy award, though there historically are a number of editing nominees that don't deserve it."
2020-12-16,https://boxd.it/1vTwP3,Based
2020-12-19,https://boxd.it/1wbXzH,It's definitely on my watchlist for the next few weeks!
2020-12-21,https://boxd.it/1wu0fL,I love this movie. One of my personal favorite animated films!
2020-12-21,https://boxd.it/1wu0fL,"Yes! I grew up on their films, and all the Wallace and Gromit shorts, so I have a strong personal connection to them"
2020-12-22,https://boxd.it/aqtYi,"Here's my watchlist: https://letterboxd.com/joshmovie/list/criterion-challenge-2021-52-films-watchlist

I'll create a separate list ranking these films once January comes around"
2020-12-23,https://boxd.it/1wKWvf,Frankly I agree. This did very little for me.
2020-12-24,https://boxd.it/1wWAjF,I mean... Lolita though
2020-12-26,https://boxd.it/1wJUwj,"by quite a fair margin, at that"
2020-12-26,https://boxd.it/S89lf,Your amazingly deep knowledge on animated films never ceases to amaze me.
2020-12-27,https://boxd.it/1x3mAh,Glad to see you back on Letterboxd haha
2020-12-27,https://boxd.it/1xoXiV,"Ah yes I did, good catch!"
2020-12-28,https://boxd.it/17h7W,"A lot of the links don't work for me, do they not work for anyone else?"
2020-12-29,https://boxd.it/1xJ8dx,"There actually is a reason for the one-shot. Alejandro stated that life is lived without cuts, so to increase the sense of the audience being a part of the story, he decided to use the technique. It also increases tension and the stress of trying to finish the play."
2020-12-30,https://boxd.it/1xVWaR,Y'know? I think I will! Haha the musical aspect to this is really great
2020-12-30,https://boxd.it/1xVWaR,Great pick
2020-12-31,https://boxd.it/1y3nGp,Thanks! I'm very glad to have it
2021-01-02,https://boxd.it/aFQjW,"Great list! Glad to see someone else praise Hoop Dreams, that was one of my favorite first watches of this year as well

And for sake of comparison, I watched 388 unique films in 2020"
2021-01-03,https://boxd.it/1yAwQJ,Hi Lucy
2021-01-05,https://boxd.it/aJNOK,YAY I'M SO HAPPY YOU'RE DOING THIS
2021-01-06,https://boxd.it/1z7eX9,Yes I ended up giving the edge but I forgot to update the review. I'll go ahead and do that now
2021-01-13,https://boxd.it/1AgVOV,"Thank you for the kind words, very much appreciated"
2021-01-14,https://boxd.it/1AlkFx,Why do you feel like that lmao it's your opinion jesus christ
2021-01-18,https://boxd.it/1B4M79,I actually think this is a really underrated and great film. Definitely beats most if not all MCU movies for me.
2021-01-19,https://boxd.it/1BhLU1,Academy Screener
2021-01-19,https://boxd.it/1BiJax,Alright so yeah it sounds like we're getting that Nolan ranked video! Can't wait!
2021-01-20,https://boxd.it/1BjC4T,"He felt the need to make it because, well, it was his first film"
2021-01-20,https://boxd.it/1BjC4T,"I suppose, though it was a good way to showcase his style and PTA traits early on in his career."
2021-01-24,https://boxd.it/1BYDmB,I feel the very same!
2021-01-25,https://boxd.it/1C4AQF,"Nah, although I might bump it up to an 8 in the future, I did have a fun ass time with this"
2021-01-26,https://boxd.it/1CeLHz,"I respect your opinion, though I must disagree with a number of points. I don't think the film necessarily needs to ""solve the problem,"" as I think the film would be over far too fast if it did so. It exhibits how Carey Mulligan's character has been coping with and dealing with the death of her friend, and the rest of the plot plays out as a revenge thriller as that was the intent. The film isn't for everyone, but I found the way it blends drama and conveying a message with the thrill of revenge to be very satisfying and it worked incredibly well for me. The film ends out with Cassie's revenge desires fulfilled, and I'm okay with that because I still felt personally affected by the social themes from the rest of the film."
2021-01-27,https://boxd.it/1CpzvD,"The best thing I can say is humor is subjective, but I've walked away from it twice now feeling underwhelmed."
2021-01-27,https://boxd.it/1CpzvD,"Yeahhh I really was hoping that there would be more nuances I picked up on this time, but it just felt like an exact rehash of my thoughts of the first watch"
2021-01-27,https://boxd.it/1CqO3r,"You do realize the free watch is only available to people who bought Sundance tickets, right?"
2021-01-28,https://boxd.it/b0TCY,Both are on my list! Can't wait for both!
2021-02-01,https://boxd.it/1Cyp2T,Thanks!
2021-02-01,https://boxd.it/1CMOo9,Thanks for sharing. Where did you find that info?
2021-02-02,https://boxd.it/1DervH,Where did you see this? I would love to see it in theaters but I don't think it's playing anywhere near me
2021-02-08,https://boxd.it/1DZtGr,"That's a very good point, and I certainly do admire how the film is different from others with similar ideas and themes in the sense that it's very straightforward and studies Anton. I guess I just had my expectations set in the wrong place"
2021-02-08,https://boxd.it/1E7J6F,"Come to Illinois, you could knock it off here!"
2021-02-08,https://boxd.it/1E7J6F,Nice! Hopefully things work out and you can give it a go
2021-02-10,https://boxd.it/1Ep9yz,Go outside
2021-02-12,https://boxd.it/1EBBtr,ym should get your ass under control
2021-02-14,https://boxd.it/1EXe6D,"It's still a good movie, these are just my honest thoughts"
2021-02-18,https://boxd.it/1FvbGL,I take it you're watching all the best picture nominees of the 2000s?
2021-02-18,https://boxd.it/93sXS,"Thank you! I'm glad you like it, I've always been interested in where movies take place in comparison to others so I figured my top movies list would be a good place to start"
2021-02-21,https://boxd.it/1FRYZr,playtime
2021-02-23,https://boxd.it/1GcQfd,"That's fair, I understand why some people don't like his style and he's just not a very good person"
2021-02-26,https://boxd.it/1GCHkP,With this have you now seen every 2000s best picture nominee?
2021-03-03,https://boxd.it/1Hj4yT,Thanks dude
2021-03-05,https://boxd.it/1HBevB,Yes
2021-03-06,https://boxd.it/1HBevB,Agreed! I will be watching the director's cut whenever I'm in the mood for Rango
2021-03-07,https://boxd.it/1HU38f,"Ah yeah, I mean it was solid I suppose"
2021-03-08,https://boxd.it/1HU38f,Duuuude I really did love it. Such an amazing piece is art
2021-03-12,https://boxd.it/1IwjKP,This account is a joke now...
2021-03-14,https://boxd.it/1ION6V,Oh god I regret buying it then lmao
2021-03-14,https://boxd.it/1ION6V,Ah that's good
2021-03-16,https://boxd.it/1J0WRF,Lol yup
2021-03-16,https://boxd.it/1J0WRF,That's probably true though it isn't like I have easy access to weed lol
2021-03-17,https://boxd.it/1JcM6j,"Funny you mention those two in particular, I was just talking to one of my friends and mentioned those exact films as seeming like they'd be more my thing!

And I think it's interesting that this was a bad place to start, other people have said the exact opposite. Though you might be right, if the rest of his work ends up living up to the hype for me."
2021-03-17,https://boxd.it/1Jeqfd,I really disagree with the story being disinteresting but I do agree with the ending lmao
2021-03-25,https://boxd.it/bsCmU,cringe
2021-03-25,https://boxd.it/aGr40,pressure cook my greasy balls
2021-03-25,https://boxd.it/aGr40,Mix my cock with cake batter
2021-03-25,https://boxd.it/aGr40,"Consume the cum chalice, fuck everyone named Alex"
2021-03-29,https://boxd.it/1KToah,"That's what I've heard, though I can't see it growing enough to join the ranks of Mr. Fox and Rushmore"
2021-03-30,https://boxd.it/1L0efb,"I didn't find it that bad to be honest, it was barely a part of the story. If anything, I wish the chemistry between Fred and Deborah was better established at the beginning since the movie just jumped from the two of them meeting to a scene where they share their first kiss and have sex minutes later"
2021-03-31,https://boxd.it/1L50fh,How did you watch this?
2021-04-01,https://boxd.it/1Lf26r,I mean it could be considered a horror film for a certain age group
2021-04-04,https://boxd.it/1LpidN,Do check it out soon! It's my favorite Kurosawa yet (by a fair margin) though I haven't seen High and Low or Seven Samurai yet
2021-04-06,https://boxd.it/2Tj4A,Everyone gave Paddington a 7
2021-04-12,https://boxd.it/1MOktH,So many based re-watches
2021-04-20,https://boxd.it/2Tj4A,Whiplash is technically an agreed rating since Schafrillas was a guest
2021-04-21,https://boxd.it/bPt7M,Why is it a question you should definitely watch Apples
2021-04-21,https://boxd.it/bPt7M,Man you have money for 100+ criterions but not one ticket to Apples?
2021-04-27,https://boxd.it/2U4Ru,"The Lighthouse, Satantango, City of God, and arguably There Will Be Blood, The Hunt (2012) and Birdman fit here"
2021-04-27,https://boxd.it/1P41TL,"Yeah I hated the In Memoriam section too, especially since they put Ennio Morricone towards the beginning like he wasn't that significant"
2021-05-17,https://boxd.it/1RPjXt,I just farted
2021-05-17,https://boxd.it/2Tj4A,American Beauty is also an agreed 10
2021-05-19,https://boxd.it/1REeFd,She's been on a losing streak since 2017 Justice League
2021-05-20,https://boxd.it/43XeO,How are Promising Young Woman and There Will Be Blood not already here
2021-05-20,https://boxd.it/1S8rL9,Great review. This is an all time favorite of mine both personally and as an aspiring filmmaker; it's one I take inspiration from
2021-05-29,https://boxd.it/1TicEr,I suddenly want to live in NYC
2021-05-31,https://boxd.it/1TEWMv,YOU'RE USING MY RATING SYSTEM :)
2021-06-02,https://boxd.it/1TQeaB,"I think they considered Jesse Plemons the lead actor but I have no idea, that's my best guess... the academy and their logic makes no sense"
2021-06-04,https://boxd.it/1U0I5V,"My thoughts exactly, I'm glad to see someone else agree"
2021-06-10,https://boxd.it/1UVn9h,YES
2021-06-13,https://boxd.it/1VoHM7,":,("
2021-06-15,https://boxd.it/1VyFFt,I'm still trying to figure that out myself. Part of it I think was that I finished the movie at like 2:15 AM so I was tired and frustrated... let's just say this was a learning experience to not watch David Lynch films so late at night because I really don't hate this movie.
2021-06-19,https://boxd.it/5QOKy,Great list!
2021-06-21,https://boxd.it/c0QRU,"Congrats on 10K!

My 10 votes are...
It's Such a Beautiful Day - The Hunt - Barton Fink - Rushmore - Y Tu Mama Tambien - Cinema Paradiso - Incendies - The Act of Killing - Embrace of the Serpent - Hunger"
2021-06-24,https://boxd.it/1WJLIz,"Hi Lucy, I've never been this early. How are you?"
2021-06-24,https://boxd.it/1WJLIz,Pretty solid myself. I'm tired but my day is going well! I love your reviews btw
2021-06-24,https://boxd.it/1WJLIz,"@Joshua - what's up fam 😎

@Lucy - no problem! Now that you've recognized me, I can commence the next step in my Ingrid Goes West plan >:) (KIDDING)"
2021-06-29,https://boxd.it/1Xmvz5,Emotional wreck gang
2021-07-02,https://boxd.it/1XJkrF,"Great review! I remember the first time I saw this movie, I found some issues in the structure as well but honestly as the film sat on me I only found more appreciation in the way the narrative is presented, hopefully you feel the same after a while"
2021-07-02,https://boxd.it/1XJkrF,"Ohhh okay that makes sense. Yeah that is a cheesy way to reveal things, maybe it's me who needs a rewatch"
2021-07-03,https://boxd.it/1XVu3d,Good rating moment
2021-07-07,https://boxd.it/1YvCtZ,Can't wait to see it in a couple days 🤪
2021-07-08,https://boxd.it/1YERWv,Wait it did? I looked at justwatch.com and this was the cheapest way to do it
2021-07-09,https://boxd.it/1YwU8n,That's a David Lynch move right there
2021-07-09,https://boxd.it/1YLDah,"I definitely appreciated how the story tried to tie in themes of childhood trauma but once the family re-united it felt so cleanly resolved, and after a few minutes I had completely forgotten there was any conflict between them. David Harbour sings American Pie and all is forgiven, it was really frustrating"
2021-07-15,https://boxd.it/1ZDP65,Why is this spoiler marked
2021-07-24,https://boxd.it/1vHWf7,Did I ask
2021-07-25,https://boxd.it/1jQhRp,Please fuck me 😣😣😣😣😣😣
2021-07-27,https://boxd.it/2Tj4A,Oldboy agreed 10
2021-07-29,https://boxd.it/21HD7h,To be fair I was close to giving this one a 7 but I decided to give it the bump up both for the positive theatrical experience and the fact that the story is ambitious enough and mostly pulled off well.
2021-07-29,https://boxd.it/21QbeR,Last sentence... relationship goals ig?
2021-08-06,https://boxd.it/22Ztn5,ok
2021-08-07,https://boxd.it/231WnR,"It feels like an MCU deconstruction and I'm here for it. There's over the top, gratuitous violence, main characters actually die, and on a grand scale they say ""fuck the government"
2021-08-18,https://boxd.it/24GNuv,What does being an Asian film have to do with it? And did you read my review? Because I explain why
2021-08-18,https://boxd.it/24GNuv,And @TMPA yeah it's very Kubrickian. There was a feature on the Blu-Ray with interviews from the actors and Nicole Kidman compared Lanthimos' meticulous directing to that of Kubrick's.
2021-08-19,https://boxd.it/24OOc9,FR
2021-08-29,https://boxd.it/268U7D,This isn't even really a Jordan Peele film. He helped with the screenplay but this is primarily the work of Nia DiCosta
2021-09-08,https://boxd.it/27GZ0z,"Maybe I need to see it again but I've seen a lot of people complain about how ""obvious"" every theme is and I have to disagree. I love how the art aspect and racial themes were incorporated to the story and they seriously kept me interested, even in the way they were executed."
2021-09-09,https://boxd.it/27QMAJ,"I'm not sure I would say I... loved it. The first hour and 20 minutes lead it on the way to being a new favorite, but then from the magical tour to the end I just wasn't as enamored by it. I absolutely still cared about what was happening but I really just didn't understand half of it."
2021-09-09,https://boxd.it/27QMAJ,"Yeah I definitely still have a lot to process but I have a general idea for what the end might mean, but I'm sure about nothing."
2021-09-09,https://boxd.it/27QMAJ,"Thank you! And yeah, this film is fascinating but also complex enough where you kinda have to watch it at least twice"
2021-09-14,https://boxd.it/28vjAH,Finally it seems like someone agrees with my take on this movie
2021-09-14,https://boxd.it/286bf7,"Glad to hear I'm not the only one, most other people I follow seem to really like the movie and I can't process that"
2021-09-14,https://boxd.it/28wQ9V,What a first sentence that is
2021-09-14,https://boxd.it/28yNIn,I love this movie SO much I'm so happy to see you give it 5 stars
2021-09-16,https://boxd.it/28L1MR,"First review: reigny day
Second review: *this*

The duality of man"
2021-09-16,https://boxd.it/28L1MR,Ah yeah makes sense
2021-09-17,https://boxd.it/28Sh3n,I'm definitely planning to! I'll probably get around to it next week sometime
2021-10-08,https://boxd.it/2bMeAD,...
2021-10-09,https://boxd.it/2bUifb,To be completely honest it's interesting enough but I haven't really cared about any of the movies we're watching and I'm really trying but I get a lot more out of watching Studio Binder or reading No Film School. I'm learning about history but it doesn't benefit me as a filmmaker at all
2021-10-16,https://boxd.it/28gWix,"Should I watch Reprise and Oslo, August 31st before this one? Or could I watch and still enjoy it as a standalone movie?"
2021-10-16,https://boxd.it/1YNd1H,"Should I watch Reprise and Oslo, August 31st before this one? Or could I watch and still enjoy it as a standalone movie?"
2021-10-17,https://boxd.it/2dfu6r,I really hope you love it
2021-10-21,https://boxd.it/2dQm3t,I watched this today as well and have similar thoughts. Still a better 2021 farm animal movie than Lamb
2021-11-01,https://boxd.it/2frjX7,"Yeah it's honestly jarring, but I guess it alleviated my expectations in such a way that that I was blown away by the film"
2021-11-09,https://boxd.it/2gOYgj,Hf you have returned
2021-11-15,https://boxd.it/2hQhFj,"Yeah! I wanted to watch Mirai or Summer Wars before this but ran out of time. No matter, this was a great intro to his work"
2021-11-28,https://boxd.it/2jRliX,"To me the documentary sections served a really strong purpose. Not only is it Joaquin’s job and the reason they’re traveling around so it’s necessary to the story, but it presents a juxtaposition between these kids who have experienced the tough side of life and are looking back on it, while he’s looking after Jesse who is currently going through that himself with his parents. They keep the story going along too and allow for different perspectives on… well just life in general since that’s what this movie is.

Side note but interesting, all the kids interviewed were actual kids living in those cities, not actors."
2021-11-30,https://boxd.it/2jR8Cl,"I'm glad. I don't want to raise your expectations too terribly high, but it's a masterpiece"
2021-12-02,https://boxd.it/edmVw,"Thanks for the recs, I didn't actually realize My Blueberry Nights was English language"
2021-12-06,https://boxd.it/2kUAJf,Yesss I genuinely loved that LOL
2021-12-13,https://boxd.it/e32kK,They’ve been on my radar for long enough that I made this list for them specifically! Evangelion specifically I plan to start this month
2021-12-15,https://boxd.it/2mnlVx,"I’m glad you love it too, I honestly don’t see where any sort of hate comes from for this movie."
2021-12-17,https://boxd.it/2mnlVx,Fully agreed
2021-12-23,https://boxd.it/jJcsn,What are your thoughts on this? And are you planning to see the new one?
2021-12-24,https://boxd.it/2nXzGd,"“I could potentially feel whole again”
<blockquote>Places film at #88</blockquote>"
2021-12-24,https://boxd.it/2o3NYn,So glad you loved it
2021-12-25,https://boxd.it/bqQqM,Thanks!
2021-12-25,https://boxd.it/2ocV1V,They watched the first two while I was still sleeping. I woke up and came downstairs to help them finish decorating the house and they had this playing.
2021-12-27,https://boxd.it/2oDc6P,It’s a lot more uncomfortable when you’re in a theater next to a bunch of strangers watching a montage of dicks
2021-12-27,https://boxd.it/2oNKn1,OLIVER WHY DIDN’T YOU SAY HI
2021-12-27,https://boxd.it/2oNKn1,How is it wrongful judging lmao it’s my personal opinion based on my own enjoyment of the movie
2021-12-27,https://boxd.it/2oNKn1,Tf is that supposed to mean
2021-12-28,https://boxd.it/2p0Ec3,"Personally I didn’t but embarrassingly enough I haven’t watched as much Miyazaki as I should’ve so maybe that’s part of it.

And I’m sorry Josef I’m glad you loved it I wish I could say the same :( this feels like I film I’d love as a kid and have nostalgia for now but having seen it for the first time when I was 18 I didn’t get very much out of it :/"
2021-12-28,https://boxd.it/2p7Ekb,lol what crowds?
2021-12-30,https://boxd.it/2jWOTt,I watched it at the virtual Hawaii Film Festival. If you have a region free player the region 2 Blu-Ray is coming out in February
2021-12-30,https://boxd.it/baKi6,They’re about equal in quality but The Hand of God is slightly more personal to me
2021-12-31,https://boxd.it/eB7Y4,"Sure and yeah this isn’t a complete list, Criterion wrote an article with a ton of anticipated new releases and so far its just that and some that I thought of off the top of my head"
2021-12-31,https://boxd.it/2pOLvh,"I’ve been wanting to watch Uncle Boonmee for quite some time, I would’ve watched it today but it isn’t streaming anywhere"
2021-12-31,https://boxd.it/2pOLvh,Dope I'll definitely check it out sometime
2022-01-01,https://boxd.it/2q1tzL,I hate you
2022-01-01,https://boxd.it/2q81yf,"I read the play for school a few years back so my memory isn’t great, but it feels and speaks like how I remember the play being. The dialogue is on point, and the actors’ delivery is amazing. I can’t say for sure, but I think you’ll be pleased"
2022-01-05,https://boxd.it/2rlDWz,You’re welcome
2022-01-05,https://boxd.it/2rlDWz,I am actually Celine Sciamma and I made this movie. You’re blocked
2022-01-08,https://boxd.it/2sJ9M,"The Diving Bell and the Butterfly, I’m surprised it hasn’t been added yet"
2022-01-08,https://boxd.it/dU3uy,https://letterboxd.com/joshmovie/list/my-2022-criterion-challenge/ Here's mine!
2022-01-12,https://boxd.it/2t7N9x,You liked the cinematography?
2022-01-13,https://boxd.it/2t7N9x,Interesting. I definitely respect that he was trying something different though it took me out of the movie more than the boring story did
2022-01-14,https://boxd.it/2tD5kv,"Actual thoughts - not as bad as a lot of people say. A lot of good chills and the story is a functioning puzzle. There is a diversity issue that hasn’t aged well, some of the plot points are really dumb and the end feels too drawn out, and I wish there was more meta-commentary (but what's here is good), though I had a lot of fun. Also the way these movies use music is very underrated. Solid performances too for the most part."
2022-01-16,https://boxd.it/2u3Ha1,"I went in thinking I would like it, but came out seriously loving it. I had no idea it would leave this kind of impression on me"
2022-01-17,https://boxd.it/2uqO2p,"The second one is worth watching, and the fourth one is worth it because a lot of what happens in the new film ties directly back to it. The third one I don’t think is bad but the least important to see."
2022-01-22,https://boxd.it/2vnZgv,My balls itch
2022-01-23,https://boxd.it/2vpIxN,LOL
2022-01-25,https://boxd.it/2wafQl,"Interesting how different our opinions on this are lol we have like polar opposing thoughts, that’s the beauty of film"
2022-01-31,https://boxd.it/2xiCNz,"Correct Mark, that is the Letterboxd link to Amulet!"
2022-02-06,https://boxd.it/10tmVT,Great review!!!!!!!!!
2022-02-06,https://boxd.it/10tmVT,"That was really rude why would you say that


I’m gonna go step in front of a train fuck you"
2022-02-09,https://boxd.it/flZzO,"Oh yeah absolutely. It definitely feels like an Oscar bait movie, but especially after it didn’t get any nominations for screenplay, acting or directing, I would’ve never guessed"
2022-02-09,https://boxd.it/2yVqMV,Can’t believe this got nominated for best picture
2022-02-13,https://boxd.it/2zzoyd,I definitely understand why this didn’t work for you but I can’t agree at all </3
2022-02-17,https://boxd.it/2AhjOj,One of the best ever
2022-03-03,https://boxd.it/2CVlyZ,Well yes but the three directors have been collaborating with each other as long as they’ve been making films so I’d be more surprised to find out they weren’t nods to his friends
2022-03-03,https://boxd.it/2CVlyZ,Check insta DMs
2022-03-06,https://boxd.it/2Dj4ij,"Honestly I completely agree. I thought the movie would be okay at first since they nailed NPC dialogue, but then the real characters started talking the same way. Then it turned into a maelstrom of obnoxious on the nose references, humor that rarely landed, and a plot that felt like it took 3 hours to complete. By the end I was fuming and literally felt like I wasted time out of my life… a feeling I haven’t felt from a movie in ages."
2022-03-07,https://boxd.it/2DHMCb,You watched this with your girlfriend???
2022-03-07,https://boxd.it/2DLJ5L,"thanks, not much i can do except medicate and take it easy for now haha"
2022-03-08,https://boxd.it/2DSGC7,One of the finally classics
2022-03-08,https://boxd.it/10shW1,I agree!!! Great review Tyler!
2022-03-11,https://boxd.it/2EevYP,Carage
2022-03-13,https://boxd.it/2ERdsf,I love you for this
2022-03-17,https://boxd.it/2FonL3,"Same here tbh, that's one of the biggest reasons I loved it so"
2022-03-17,https://boxd.it/2EevYP,Do all three of you have a gc that Ryan checks only once a week lmao
2022-03-24,https://boxd.it/2GTOq3,Nothing else?
2022-03-27,https://boxd.it/PHmux,Which other Sion Sono movies have you seen?
2022-03-27,https://boxd.it/2HioXb,"It's absolutely insane, I need time to process it before I say anymore"
2022-04-10,https://boxd.it/2JXZB7,"You’re an amazing writer man, I really hope that all you’re going through improves real soon"
2022-04-11,https://boxd.it/1kMFNR,Can't wait for the full review!
2022-04-13,https://boxd.it/2KlzEd,"I understand completely why he wants to retire but it sucks that this may be his final movie. He’s had many better comedy roles in the past, and I would’ve preferred a more serious film to close his career (along the lines of Truman or Eternal Sunshine)"
2022-04-16,https://boxd.it/2L2Gbj,“Hey baby 😏 are you washed in the soul-cleansing cum on my hands? 😉”
2022-04-23,https://boxd.it/2Mcn85,"Slightly nervous for my first watch of this now, just bc it’ll probably have a kinda similar emotional impact on me"
2022-04-25,https://boxd.it/2MzrlX,W
2022-04-25,https://boxd.it/2MwmLP,"At times yeah it can be difficult, but there’s also enough visual storytelling that it isn’t hard to follow what’s going on. It’s impressive though that the dialogue is still actually coherent, unlike Tragedy of Macbeth for example"
2022-05-06,https://boxd.it/2OwQHh,"Laura Herring: who need they mulholland drussy ate ??

Naomi Watts: omg me !!"
2022-05-10,https://boxd.it/2OKpZr,"i'm about to eat a slice of cheese, just wanted to let you know"
2022-05-13,https://boxd.it/2PMDF9,"Agreed. Isle of Dogs got one no problem, and the discrepancy between budget and box office success for both films isn't that vast at all."
2022-05-15,https://boxd.it/2QaYnX,At least… explain your reasoning behind the rating a bit more?
2022-05-18,https://boxd.it/2QKnPR,LOL true…
2022-05-23,https://boxd.it/2RDpaV,"@TMPA — I definitely agree, there isn’t much of a chance but there’s still a small one. Either way I’m glad I saw it one more time today

@Capra — that’s good to hear, I’ll definitely try to add most of them when I watch it a fourth time, whenever that might be"
2022-06-03,https://boxd.it/2Tx8gX,Are you going through To Each His Own Cinema lol
2022-06-06,https://boxd.it/2TUheH,"True story - his mom took him to see <a href=""https://www2.bfi.org.uk/films-tv-people/sightandsoundpoll2012/voter/953"">Salo on his 18th birthday</a>. I feel like that didn't help."
2022-06-12,https://boxd.it/2UOucL,"For me, despite the nostalgia, this isn't a film that I feel myself being super emotionally attached to so it isn't a 10 really for that reason, and there are some scenes that are cheesy to a point of taking me out of the immersion, but other than that I do really like it. I think the CGI still looks good even by today's standards (better than that of the sequel lmfao), the only things I noticed were some textural details as you mentioned and a couple of obvious green screens"
2022-06-14,https://boxd.it/2VveTb,"My eyes POPPED when I saw you gave it a 1/2 star. My family still wants to go see it at some point, can't wait to endure the struggle myself!"
2022-06-15,https://boxd.it/2VBIvP,ryan clark
2022-06-16,https://boxd.it/2VTjE9,no wayyy you actually took my rec
2022-06-17,https://boxd.it/h0Nxs,"Interesting, I’ll definitely rewatch Midsommar at some point this year before Disappointment Blvd and I’ll keep that in mind"
2022-07-02,https://boxd.it/2YJjz1,"That's an interesting look at it. I have to admit I wasn't highly anticipating this show or anything so I didn't really go into it with any idea for how it could be, but I definitely get how it was an underwhelming experience. I definitely noticed some room for improvement at a number of points, both as far as being more compelling and just being better made overall"
2022-07-06,https://boxd.it/2ZDriJ,Thank you! :)
2022-07-14,https://boxd.it/gsKmI,"We're short-film-inspiration twinning with Before Sunrise, First Reformed, Moonlight, Worst Person, and Punch-Drunk Love."
2022-07-14,https://boxd.it/31gxEN,"Yeah I definitely forgot about that LMAO, I mostly just left that comment for how Christian Bale seems to always play American people"
2022-07-17,https://boxd.it/31KpkZ,My family still has a car that plays movies on DVD yeah lol
2022-07-23,https://boxd.it/1ubMzj,"Oh yeah at some point I’m absolutely revisiting both, I just don’t really feel a burning desire to do so in the near future. I’ll probably rewatch this before <i>The Killer</i> comes out though…"
2022-07-26,https://boxd.it/grSh0,"The Ascent
Incendies
Irreversible
Woman on the Verge of a Nervous Breakdown
RRR
4 Months, 3 Weeks, and 2 Days
Breaking the Waves
El Topo
The Fisher King
Cemetery of Splendor"
2022-08-04,https://boxd.it/2OfWo,"While not a city per se, I'd say the background setting of Y Tu Mama Tambien is a character of its own in how it's portrayed and contrasts from the agendas of the main characters."
2022-08-05,https://boxd.it/hDdoM,"Happy End is easily the worst place to start with Haneke, I think that deserves to be here"
2022-08-05,https://boxd.it/362LWD,No more thoughts on it?
2022-08-05,https://boxd.it/hHc6g,Arrival at the bottom?
2022-08-16,https://boxd.it/38tZ6X,"I don’t know where you live, but do you have any of the big chains near you? (AMC, Cinemark, Regal, Marcus, etc) They usually play Fathom Events with multiple classic re-releases every month"
2022-08-17,https://boxd.it/38tZ6X,"Oh shit, that really sucks. Hopefully you'll be in town for the last three Ghiblifest showings this year (Only Yesterday, Howl's Moving Castle, Spirited Away)"
2022-08-20,https://boxd.it/hmLMO,Oldboy?
2022-08-22,https://boxd.it/39yHur,How did you see this in a theater 😭😭
2022-08-24,https://boxd.it/39YkAt,"@Jackson — if you really want to get drunk, combine that with every time he references another movie.

@Micah — in this house, we study the real cinematic arts."
2022-08-26,https://boxd.it/3aoQWj,"Yes the book is an autobiography from Solomon himself. It's a very upsetting although essential read, as you might expect; I think I prefer the experience of the book overall given a few crucial scenes that were excluded from the movie, but all around McQueen made an excellent adaptation that retains a lot of the book's emotion and historical accuracy."
2022-08-31,https://boxd.it/3blCjZ,I got temp blocked from adding reviews since I was doing it too fast lmfao I’ll continue soon
2022-09-04,https://boxd.it/h0Nxs,"I haven’t seen Psycho yet, what part of it is ableist?"
2022-09-09,https://boxd.it/3d0Tah,Go off ig
2022-09-14,https://boxd.it/3dJLRH,Are you still gonna give Darren Aronofsky the benefit of the doubt after this?
2022-09-24,https://boxd.it/3fDlt1,"I disagree since the cast and crew is still full of prominent names, but the production drama definitely gave it some popularity boost"
2022-09-27,https://boxd.it/3gqlRl,"Third. I watched Cachē and Funny Games last year, and I think both are quite a bit better.

With this, I certainly admire how it goes about telling this story, but in the moment it’s just so grueling and in the end I don’t care THAT much, but it definitely burns a place in your brain"
2022-09-29,https://boxd.it/3gPRo1,Half star too low
2022-10-03,https://boxd.it/iqYTq,Unsane (2018) would fit
2022-10-08,https://boxd.it/3itrlf,"I go to DePaul, I’d recommend checking it out if possible"
2022-10-08,https://boxd.it/3iu0vp,"My thoughts exactly. The yacht is pure genius, but everything on the island felt like it was written in an earlier draft. Especially the last couple of minutes."
2022-10-08,https://boxd.it/3iJ0AJ,"True: ✅
Not True:"
2022-10-09,https://boxd.it/c8d1Q,"Great list. Attack of the Clones and Revenge of the Sith are missing, but otherwise I think everything else I've seen is here"
2022-10-12,https://boxd.it/3jrJnN,What do you mean it’s filtered?
2022-10-15,https://boxd.it/iBxhc,Are you a real person?
2022-10-20,https://boxd.it/3ldwY7,What made you decide to re-watch this?
2022-10-20,https://boxd.it/12wEwV,SO true Tyler! I love America 🇺🇸
2022-10-23,https://boxd.it/3kKg7j,I feel like at least every other movie I've seen at CIFF has shown the vomit LMAO it's such a weird trend
2022-10-28,https://boxd.it/3mT5uH,Braden Webb
2022-10-30,https://boxd.it/3nigWR,We apologize for the distracting subtitles. Those involved have been sacked.
2022-11-17,https://boxd.it/3reJbN,"^ THE Alek Sacinski, ladies and gentlemen"
2022-11-17,https://boxd.it/3reXLP,"Awesome review, thanks for the feedback! And yeah, I was working with virtually no budget on this lmao"
2022-11-17,https://boxd.it/3rfhDB,"Somehow, you have broken open my entire cinematic language. Kudos to you, good sir!"
2022-11-30,https://boxd.it/3tYJFt,I'm going to see it in theaters in a couple hours and I'm so psyched. I agree about stop motion too!
2022-12-01,https://boxd.it/3ud6dv,W
2022-12-04,https://boxd.it/3uBDt5,I’M SO HAPPY TO SEE SOMEONE ELSE SHARE MY ENTHUSIASM WITH THIS MOVIE
2022-12-04,https://boxd.it/3uOoPL,Did you give this a higher rating than Chungking Express?
2022-12-10,https://boxd.it/3w1svv,DOLBY ??
2022-12-11,https://boxd.it/3wgSut,"W, this movie is great"
2022-12-14,https://boxd.it/3wXVbl,"I figured you wouldn’t be happy lol, it’s a fun movie!"
2022-12-16,https://boxd.it/3xid7h,It feels like a comic book where kids are just supposed to buy in the coolness of the character simply because he’s the title character. Jack Nicholson as Joker is so much more memorable in every way.
2022-12-17,https://boxd.it/3xwrSz,This is  true
2022-12-19,https://boxd.it/3y3ckD,Lifter airtime
2022-12-19,https://boxd.it/2RQFQ5,I forgot I even watched this lmao. I’ll give it a second chance one day
2022-12-19,https://boxd.it/3y5ukP,Good review but rating is too low
2022-12-21,https://boxd.it/3yvTvb,Awesome movie
2022-12-22,https://boxd.it/3yJBCB,"Yes, it really is"
2022-12-22,https://boxd.it/3yZ3eR,I’ve been trying to think of a National Lampoon joke for this movie but I’ve never thought of anything that I was happy with. Thank you for this
2022-12-23,https://boxd.it/18LGGH,so true tylerthefilmanalyst
2022-12-23,https://boxd.it/3yJBCB,"It depends on the kind of relationship you have with your dad. If you're super close and watch everything with him, then definitely"
2022-12-24,https://boxd.it/3zpdNz,"I'm just excited and ready to have an open mind. I don't know if a lot of people are doing this, but I want to go into <i>Barbie</i> as blind as possible"
2022-12-25,https://boxd.it/3zVwfv,W take
2022-12-27,https://boxd.it/3Al3lV,Then why not give it the full 5 if you would give it a 7/5 lmfao
2023-01-02,https://boxd.it/3CDgNH,I HAD THE EXACT SAME THOUGHT
2023-01-02,https://boxd.it/iYw7m,https://letterboxd.com/memoriesomovies/list/my-criterion-challenge-2023/
2023-01-02,https://boxd.it/1IcHdP,Alek you're a great friend but this hurts me
2023-01-06,https://boxd.it/3EBkvB,Wtf
2023-01-08,https://boxd.it/3FwBHD,LET’S GOOO MY FIRST 5 STAR REVIEW
2023-01-09,https://boxd.it/3FuMzL,True
2023-01-15,https://boxd.it/3HRTb1,slightly blasphemous :(
2023-01-17,https://boxd.it/1t4MbD,The beginning of an era
2023-01-25,https://boxd.it/2Fgmu5,NO WAY YOU CALLED THIS HAHA
2023-01-26,https://boxd.it/3LbjX1,That's so real lmao
2023-01-27,https://boxd.it/3LG01J,"I’m never gonna watch this, did they finish saving the world?"
2023-01-28,https://boxd.it/3M1GS3,Don’t forget the laundry too :)
2023-01-29,https://boxd.it/eB7Y4,"I'll put the 3/5 of those that are available on the list, we'll see if I get to them. I'm capping myself off at 100 movies from 2022 so I don't go insane"
2023-01-30,https://boxd.it/2OlVGB,Yes Ava I meant class 😭
2023-01-31,https://boxd.it/3N6EKv,there ass
2023-02-06,https://boxd.it/3mWXWr,"you're racist!!!!!!!!!!!!!!!

/j"
2023-02-08,https://boxd.it/bqQqM,Cancel culture will come for me if I do </3
2023-02-15,https://boxd.it/3es1TH,"How does it feel to have <a href=""https://www.instagram.com/reel/CopfhCTrcjB/?igshid=MDJmNzVkMjY="" title=""Ram Charan himself"">Ram Charan himself</a> read this review"
2023-02-15,https://boxd.it/3RhzXd,HE WAS ??
2023-02-20,https://boxd.it/3SqedF,This is so funny
2023-02-20,https://boxd.it/3SNmyd,THAT'S WHAT I'M SAYING. WE'VE BEEN GETTING EDGED FOR 11 YEARS.
2023-02-22,https://boxd.it/3Tbfsv,I’m so fucking pumped
2023-02-23,https://boxd.it/3TA9Nd,"If Universal fumbles the awards campaign, imma enter my Joker era"
2023-03-03,https://boxd.it/3VMpKV,The one Belfast fan
2023-03-16,https://boxd.it/3Zrq0N,"I'm jealous, but more glad that you enjoyed it!"
2023-03-24,https://boxd.it/41xypL,YESS
2023-03-25,https://boxd.it/41DI0t,Then why'd you give it a 3
2023-03-25,https://boxd.it/41Kcwr,Chunky would never
2023-03-28,https://boxd.it/kTHpO,The one A Beautiful Mind fan:
2023-04-06,https://boxd.it/451aTJ,I second this ^
2023-04-08,https://boxd.it/45yQm9,Literally waiting for the bus right now to go see this
2023-04-08,https://boxd.it/45yQm9,IDK YOU TELL ME! What’s coming to theaters soon that you wanna check out?
2023-04-08,https://boxd.it/45Eq0N,All queer on the western front
2023-04-14,https://boxd.it/47hPDR,Hot take
2023-04-20,https://boxd.it/48VqVv,A new era 😌
2023-04-25,https://boxd.it/4a3q6n,That’ll be our first collab
2023-04-25,https://boxd.it/4aj5Ol,You're welcome for the tickets
2023-04-27,https://boxd.it/4aJfOx,"Once I learn how, you’ll be the first person to see 🙏"
2023-04-28,https://boxd.it/4aYn5b,I don’t understand your rating
2023-04-29,https://boxd.it/4b9U9H,I need more context
2023-04-29,https://boxd.it/1qTf1P,Ava I wrote this 2.5 years ago lol I don’t remember
2023-05-01,https://boxd.it/4bErGT,Great review. I share almost all your thoughts. I saw it for the first time in February and it’s lingered in my memory very strongly since then
2023-05-08,https://boxd.it/4dqFoT,"film, if you will"
2023-05-10,https://boxd.it/4eff4b,I adore this movie too. Great review
2023-05-10,https://boxd.it/mFsQq,Powerful and beautifully written story. Thank you for sharing
2023-05-23,https://boxd.it/4hqxvD,REAL
2023-05-28,https://boxd.it/4iCyOf,I thought I was cool at the time. Take this review as me regretting all of that (and also recommending this awesome movie)
2023-05-28,https://boxd.it/4iD6vL,Way better than mine
2023-05-31,https://boxd.it/4jk1Ef,I HAVE A TAG NOW :D
2023-05-31,https://boxd.it/4jqsNP,Goofy review
2023-05-31,https://boxd.it/4jqzW5,"Yeah, specifically when they’re used to undermine big emotional setup / payoff"
2023-06-02,https://boxd.it/4jWLdF,Maybe a smaller audience helped?
2023-06-03,https://boxd.it/lvVKs,"Replacements since this was published:
-- <i>Nashville</i> in favor of <i>The Favourite</i>
-- <i>Some Like It Hot</i> in favor of <i>Mommy</i>"
2023-06-05,https://boxd.it/4kx0NF,REAL
2023-06-06,https://boxd.it/4l5Pqv,"Thanks! And I think Letterboxd does that for movies that haven't been publicly released yet, so we'll hopefully see it in the coming days"
2023-06-06,https://boxd.it/4l8lEN,Character development
2023-06-08,https://boxd.it/4lwGa3,Erm
2023-06-17,https://boxd.it/4l5Pqv,"I was invited to a screening held by my school, I can't speak for any others."
2023-06-19,https://boxd.it/4olDqn,Ahh did you see this at Siskel? I’m jealous
2023-06-19,https://boxd.it/4oxdm9,"You better get started then, you'll have a LOT of people to go through"
2023-06-19,https://boxd.it/4oxdm9,"Yeah that’s totally valid lmao. They don’t feel SLOW, but they’re not amazing and don’t go by in the blink of an eye either"
2023-06-20,https://boxd.it/4oHmZ5,Why would you watch a Park Chan-wook film at 1 AM 💀💀
2023-06-22,https://boxd.it/npmfU,YES absolutely watch Godland. Incredible movie
2023-06-22,https://boxd.it/Fz1zP,YOU ALSO WATCHED THIS IN HIGH SCHOOL HAHAHA
2023-06-25,https://boxd.it/4qfpWP,"We’re unique, but at least not alone in our stance"
2023-06-28,https://boxd.it/4r4zD1,"It literally is my favorite in the series, at least based on memory. I can’t wait to see it again"
2023-07-02,https://boxd.it/nAJfA,"I still have a ways to go, but right now I’d definitely say Homogenic"
2023-07-04,https://boxd.it/4sVdm3,FINALLY!
2023-07-10,https://boxd.it/4uyfAt,LMAO that would’ve been funny. There’s just something about hotels though…
2023-07-10,https://boxd.it/4uLGTN,You can play the third act in the LEGO game
2023-07-13,https://boxd.it/2Cjffr,Bad take ://
2023-07-13,https://boxd.it/2Cjffr,It makes me laugh! This is a funny movie
2023-07-13,https://boxd.it/4vGffF,"The rare long Joi review, we love to see it"
2023-07-15,https://boxd.it/4weTlr,Don’t need to ask when your tags explain it
2023-07-16,https://boxd.it/4wvdNd,Why did you skip Order of the Phoenix
2023-07-17,https://boxd.it/4wPYF1,okay now how the fuck is revenge of the fallen a 10 yet this is only a 9 💀
2023-07-19,https://boxd.it/mtpZq,"Black Girl
Certain Women
Irma Vep
Paris Is Burning
Pink Flamingos
Police Story
Scenes from a Marriage
Stagecoach
Stand By Me
Where Is the Friend's House?"
2023-07-20,https://boxd.it/4xIKPr,"Great review, I agree with many of your thoughts. We might’ve been at the same screening last night, haha"
2023-07-23,https://boxd.it/4yIEWv,"Now I am become deaf, the destroyer of ears"
2023-07-26,https://boxd.it/4A3igt,"TRUE!!!!!


The racing scenes actually were fun here, but they somehow became tedious after a certain point"
2023-07-26,https://boxd.it/4A3igt,That's also so fair
2023-07-28,https://boxd.it/4k2Iox,Lily are you okay
2023-08-01,https://boxd.it/4CMxdn,"- Thank you for the long review as always!
- I'm so glad you picked up on the <i>Columbus</i> reference
- The amazing comparison you made between the isolation of the field and coziness of the bench hadn't crossed my mind until you brought it up and it reminded me that people making their own analyses of art is a beautiful thing"
2023-08-01,https://boxd.it/4CN72v,🫶🫶🫶
2023-08-03,https://boxd.it/4DjWXh,We're both having really good David Lynch days
2023-08-06,https://boxd.it/4EoBPP,thuma urman
2023-08-07,https://boxd.it/hUO52,My favorite Star Wars movie... Men in Black
2023-08-09,https://boxd.it/3M14gv,Wtf is this rating
2023-08-14,https://boxd.it/4GXhKj,I don't think you're in the minority at all. I totally agree that Nolan made the right decision to keep the story contained within the United States.
2023-08-17,https://boxd.it/4HWv8F,Most of the second half feels very inspired by <i>The Thing</i>
2023-08-19,https://boxd.it/2EU429,Is <i>The Craft</i> Izzy in the room with us now?
2023-08-19,https://boxd.it/4Cm96l,ME TOO!
2023-08-28,https://boxd.it/2ds2lz,"He’s commenting on every Cow review, this is so funny 💀"
2023-09-01,https://boxd.it/4MCDxj,Yeah :/
2023-09-01,https://boxd.it/4MzDpt,How did Warren shape you?
2023-09-06,https://boxd.it/4O70OB,Actually he was just bungee jumping
2023-09-07,https://boxd.it/VtLWd,I’m surprised you enjoyed the review since it’s one of my very oldest but glad you got something out of it haha
2023-09-10,https://boxd.it/4Ooji9,"Of course I did! He nearly convinced me to return to Minecraft YouTube, but I fought through it like the badass I am"
2023-09-30,https://boxd.it/4UoKXx,"I agree that Hayden wasn't particularly good, but he did what he needed to do for his character and that was enough for me. I'm not a harsh judge when it comes to performances"
2023-09-30,https://boxd.it/4UXxAZ,Bad take :(
2023-10-04,https://boxd.it/4VZGhF,"Oh wow nice! I would totally recommend rewatching this. And I haven’t seen Vertigo since I was 16 but am considering watching it again this week, since all this Hitchcock is for a midterm."
2023-10-05,https://boxd.it/4WocK3,"Classic Cinemas Lake Theatre, it’s in Oak Park (so technically not Chicago but right outside of it)"
2023-10-09,https://boxd.it/4Y3wwB,"Oh yeah and no disrespect to any of them, I’m being facetious with the mob flick label bc Scorsese"
2023-10-12,https://boxd.it/4YZ3Np,"I've seen <i>Shadows</i> so this was my second from him, but yes I absolutely do want to continue in the future - I'm thinking <i>Husbands</i> is a good next step. I just need to space them out a bit since they are very overwhelming."
2023-10-16,https://boxd.it/50jeN5,On the lower end tbh
2023-10-18,https://boxd.it/50YsEj,"This is the follow-up to <i>Gone Girl</i> that actually lived up to the hype for me (sorry not sorry, <i>Mank</i>)"
2023-10-19,https://boxd.it/51hpSb,?
2023-10-21,https://boxd.it/51EWWh,Sugar honey ice tea
2023-10-22,https://boxd.it/5295xP,I thought I saw you? But I was pretty immersed in the movie so that could’ve been someone else
2023-10-22,https://boxd.it/5295xP,Oh I thought you said that was just for a couple hours lol my bad
2023-10-23,https://boxd.it/52EdJh,Theatrical cut. I know everyone says Redux is better but this was for class and I’m tired from the festival lol
2023-11-07,https://boxd.it/1eJyG5,When are you rewatching it
2023-11-09,https://boxd.it/1eJyG5,NO WAY
2023-11-11,https://boxd.it/1fAlCl,Is it a comfort film of yours?
2023-11-14,https://boxd.it/59SWQ9,Of course I know him! He's me! (I wish)
2023-11-15,https://boxd.it/59SWQ9,"He's entertaining as hell, I just have bias for CaptainSparklez bc he plays on Mineplex (I grew up on that server)"
2023-11-26,https://boxd.it/5dvH8L,I am afraid to rewatch this
2023-12-02,https://boxd.it/5fP8G7,Mf stole my joke
2023-12-07,https://boxd.it/5hsv9x,Agreed this is the weakest one
2023-12-09,https://boxd.it/5i4RvL,Why did your rating go from 10/10 to 8/10
2023-12-09,https://boxd.it/5fp7pR,It’s on rarefilmm.com
2023-12-09,https://boxd.it/5i4RvL,Ah fair enough
2023-12-16,https://boxd.it/5kxxoV,It didn’t really exceed my expectations
2023-12-23,https://boxd.it/5mrxOF,It’s coming to the Siskel Center in a couple weeks
2024-01-21,https://boxd.it/2OcoOp,"Was today years old when I found out that Ava Taylor, featured in this documentary, went to my high school a few years before I did"
2024-01-27,https://boxd.it/5GPqmn,"Oh nice, thanks for the rec. I’ve only seen Audition from him and it’s obviously really different from this lmao, I’m intrigued"
2024-01-29,https://boxd.it/5HYgdR,only 3 stars is crazy ://
2024-01-30,https://boxd.it/5IxF5N,Sidney Lumet class sounds really cool unironically
2024-01-30,https://boxd.it/5ICVvn,"I agree the dialogue isn’t overly impressive, but I would argue that the screenplay plays a huge role into how good this movie is. The structuring of the story beats and division between the two halves is both fundamentally crucial to the plot and also executed super well."
2024-01-30,https://boxd.it/5IEylD,<3
2024-01-31,https://boxd.it/d2HUI,Power of the Dog in the top 5 is great to see
2024-02-01,https://boxd.it/5IHVNr,It was 💀
2024-02-10,https://boxd.it/5NCllr,:(
2024-02-12,https://boxd.it/5OrDCR,"Yeah I definitely think it's worth another watch. A very rich and, at times, dense story"
2024-02-13,https://boxd.it/5OYtCD,"I mainly played trumpet, but I learned piano, trombone, and saxophone at different points in life as well."
2024-02-13,https://boxd.it/5OYtCD,Oh yeah I'm in the same boat. I gotta bring my trumpet to my apartment at some point but school has to come first unfortunately hehe
2024-02-24,https://boxd.it/5TVSmT,Cried?
2024-02-25,https://boxd.it/1zhaqP,I don’t remember the movie that well but I think I was thrown off by the editing at the time. I do want to see this again at some point.
2024-02-28,https://boxd.it/5VTQHp,Character development
2024-03-10,https://boxd.it/60PJbt,Good takes (both the movie and Six Flags parts)
2024-03-15,https://boxd.it/63dOgp,Which class?
2024-03-20,https://boxd.it/65Ogld,It's a reference to the meme!!
2024-03-20,https://boxd.it/65Ogld,Idk if the Lady Bird thing is a good connection despite similarities but I thought of it right after the movie and it made me laugh so I put it in my review
2024-03-27,https://boxd.it/uarCs,Zola and Persona
2024-04-06,https://boxd.it/uy92u,what's the criteria for being on here i'm confused
2024-04-10,https://boxd.it/2uqO2p,"3/5/2023 updated thoughts
This movie is near soulless. It’s literally just the first one. I’m not that excited for the sixth installment. (Generous 2.5/5)"
2024-04-13,https://boxd.it/6gvSaN,I have not
2024-05-01,https://boxd.it/6nufJF,This getting a higher rating than Pan’s Labyrinth 💀
2024-05-09,https://boxd.it/2EevYP,5 more until this drops 🙏
2024-05-09,https://boxd.it/6rhBPZ,From what I remember it was probably along those lines tbh
2024-05-12,https://boxd.it/6spFe9,Review by me!
2024-05-12,https://boxd.it/6sqoND,"He’s a competent director but after experiencing what Matt Reeves brought to the table, it’s on a lower level"
2024-05-16,https://boxd.it/6tZfYB,Aggro Dr1ft again
2024-05-22,https://boxd.it/6wb9fn,Can’t believe you’d diss your father like that 💔
2024-06-07,https://boxd.it/6CiIGh,“No likes yet” mhmm!
2024-07-20,https://boxd.it/J7dQN,This aged well
2024-07-24,https://boxd.it/wVQMO,"Ace In the Hole
Alice in the Cities
Boyz n the Hood
Certain Women
The Conformist
The Good, the Bad, the Weird
Hunger
Stagecoach
Thief
Total Recall"
2024-07-26,https://boxd.it/4Z5K,Void by Emma Seligman
2024-07-29,https://boxd.it/6Z0gzX,Genuinely surprised you hadn’t seen this until now
2024-07-29,https://boxd.it/6Z0gzX,True! All true! The rare time we agree on a movie!
2024-07-30,https://boxd.it/6Zso53,That or maybe <i>Close-Up</i> by Kiarostami?
2024-08-11,https://boxd.it/74EMon,AMC River East???
2024-08-23,https://boxd.it/79vzDB,Where in Canada are you going? I'm guessing for film school?
2024-08-24,https://boxd.it/79vzDB,So sick
2024-08-26,https://boxd.it/7bjEHn,"Oh really?? I didn’t check lol, I just assumed. What were some influences?"
2024-08-26,https://boxd.it/7bjEHn,Ah nice… I really want to read the book since it sounds completely up my alley
2024-09-05,https://boxd.it/7g5P2d,Thank you!
2024-09-10,https://boxd.it/7fQn6r,"This review aged <a href=""https://www.imdb.com/news/ni64814425/?ref_=tt_nwr_1"">extremely well</a>"
2024-10-11,https://boxd.it/7wjhRX,Hey thanks for watching my short film!
2024-10-19,https://boxd.it/7A0EFj,I hope a lot of people are! Adam Elliot’s work is a gift and we only get it every 15 years
2024-11-02,https://boxd.it/7HDIuP,"I can’t believe he’s burying this because Cry Macho bombed during COVID and with a simultaneous Max release. The company he runs probably wouldn’t be what it is today without Eastwood, he needs to check himself."
2024-11-13,https://boxd.it/7N7hQp,"“Lanthimos has a couple under his belt, now he's just getting to his head.”

He wrote the screenplay for this in 2017 before The Favourite and Poor Things"
2024-11-13,https://boxd.it/7N7hQp,"Yeah I get and respect your guys’ opinions (although I do like the movie), I was just saying I don’t think this was an ego trip for Lanthimos given that he wrote it before his two huge movies."
2024-11-13,https://boxd.it/7N7hQp,Ah I see
2024-11-18,https://boxd.it/7Q5Xy1,Holy shit
2024-11-22,https://boxd.it/7yOExB,Yar
2024-11-23,https://boxd.it/7Smpzh,Great day to be at Siskel
2024-12-10,https://boxd.it/80TiFb,It’s called <i>The Piano Teacher</i>
2024-12-13,https://boxd.it/2isATZ,"At a virtual film festival. No idea how to watch it now, I don’t think it ever got US distribution"
2024-12-15,https://boxd.it/83p6tT,Mf unliked my review
2024-12-15,https://boxd.it/83p6tT,LMAOOOO you’re good but thank you
2024-12-26,https://boxd.it/82pU1r,Have you seen Christmas Eve in Miller's Point yet?
2024-12-29,https://boxd.it/8cUk2v,Fuck yeah can’t wait to see it 🙏
2025-01-16,https://boxd.it/CTLyW,"Trap
Conclave
Come and See
Salo
Poor Things
Anora
May December"
2025-01-19,https://boxd.it/2Fp8oP,"Ah yes, the first time watching The VVitch… glad to see you felt the same way, I gotta watch this again sometime soon"
2025-01-21,https://boxd.it/8ylLJJ,RIP the original review calling this one of De Niro's best performances
2025-01-26,https://boxd.it/8Cmu19,LMAO there’s no shame in free work movies!
2025-02-02,https://boxd.it/8HimwF,"Okay I lied there actually are some notes, I just wanted my review to reflect how I was feeling when the credits rolled…

Obviously there are “objectively better” movies out there but leave it to an experience like this, even factoring all the imperfections of the film itself, to remind me how formative this franchise was to me as a person and why I’m in the field I’m in. I stopped counting the full body chills after a certain point just so I could be present in the moment, but I swear the total has to have been at least like 7 lmao. The credits crawl, binary sunset, the Obi-Wan reveal, Alderaan, the trash compactor, the pursuit on the Death Star, the final trench run, being reminded that the 1997 CGI sticks out against the completely seamless models, paintings, and other practical effects, dude the MUSIC in surround sound… we all need experiences like this to reinvigorate us. This was fucking awesome and I’m so happy."
2025-02-12,https://boxd.it/8NY0lt,"I would argue <i>The Boy and the Heron</i> has a similar emphasis on letting movement breathe, although this definitely has a particular nostalgic vibe to it"
2025-03-10,https://boxd.it/EJ5y4,Oh hey
2025-03-14,https://boxd.it/96TayN,"The thing I’ll give the Russos is that they do actually have an important place in cinema history thanks to their <i>Community</i> and Marvel work, but these last 5 years… I unfortunately do have to agree, they’re steering into hack territory. Between their output and general attitudes towards the state of cinema as you said, they just seem now like smug douches who are only in it to stay rich."
2025-04-02,https://boxd.it/9i26Gl,"Not that I’m upset, but I’m very curious how this went from a 5 to a 10 for you?"
2025-04-03,https://boxd.it/96Y9UX,I made the exact same <i>Juror #2</i> comparison to myself as I walked out of the theater LOL
2025-04-05,https://boxd.it/9jTsoN,"Dude it totally worked in context, that’s a great happy accident :)"
2025-04-19,https://boxd.it/9llZrl,Love when that happens
2025-04-20,https://boxd.it/9s5WhN,"I do agree, especially in the moment last night, although after sleeping on it I think I was making a bit of a harsh generalization for all theaters. There are arthouse theaters with FAR better audience behavior, and even theaters like Alamo Drafthouse where they actually make an explicit point to kick out people who don’t know how to act. Granted, a bad audience is impossible to predict and can happen anywhere, but there are definitely safer options than chain theaters where general audiences vary so insanely greatly.

Long ass response lol but I think it also helped me come to terms with last night and how high in regard I’ve held the theatrical experience, since theaters have been a sacred space for me for the last 4 years."
2025-04-20,https://boxd.it/9s5WhN,"Yeah you’re totally right about that, I noticed it in the beginning especially how much subtext and background details there were. For my second time I am definitely watching it at home with no interruptions"
2025-05-14,https://boxd.it/9GA0gP,Is this your favorite Chaplin?
2025-05-23,https://boxd.it/9LYaGB,"Also -- would make for a fascinating double feature with <i>Jeanne Dielman</i> in that they are the complete opposites of each other. This being a huge New Wave and anti-establishment creature of chaos that just says fuck all to any sort of slow and/or sensical films, with <i>Jeanne Dielman</i> being an utterly slow and fully compliant creature of chaos that says fuck all to any sort of upbeat and/or hyperstylized films. They both have total ownership of their cinematic language in two very different ways, and they're both great.

Loved nearly all the cinematography and editing in this. The faux silent film and scissors scenes stuck out to me the most, but it's hard to deny the power of everything involving the banquet. The psychedelic train sequences were awesome too. Not the most emotionally gripping thing ever, but all in all just very fun and a great watch to ease me back into watching movies after a weeklong break (thanks to both circumstances out of my control and occasionally my hesitance to turn something on). I honestly needed something as chaotic and singular as this to kick things off again, wild movies are so fun and cool and it's so sick to me that people find deep-rooted emotional connections to shit like this."
2025-05-26,https://boxd.it/9NjmVf,Don’t knock it til you try it!
2025-06-19,https://boxd.it/Ho3vC,Challengers
2025-07-07,https://boxd.it/aeJH7F,"Yeah happy to do it! In all seriousness, watching your films reminds me of how simple and fun it can be to just get a few shots and edit them into a short film"
2025-07-14,https://boxd.it/akhaMj,"That's pretty rich coming from someone from Atlanta!!

(but also extremely true)"
2025-07-21,https://boxd.it/apkEfP,Making a note of this rn
2025-07-24,https://boxd.it/asdqNL,Had you never seen this before
2025-08-12,https://boxd.it/aHhlKb,I'm hyped! Going to an IMAX advance screener in 3 hours!
2025-08-12,https://boxd.it/aHgf4r,These could all be dick names if you think about it
2025-08-16,https://boxd.it/aJtj45,Well at least I’ll be free from Osshit Perkins forever!
2025-08-16,https://boxd.it/aKg5jj,Did you watch the original first
2025-08-21,https://boxd.it/aO9k3d,K when
2025-08-24,https://boxd.it/aQ3Mfd,Character development since your last review of this
2025-08-26,https://boxd.it/aRL8JT,"It’s a nationwide Regal thing! If there are any near you in Michigan, you should check it out!"
2025-08-28,https://boxd.it/3tOrPP,This aged well
2025-09-05,https://boxd.it/aYruzf,Thank you!!
2025-09-24,https://boxd.it/ba2FNZ,Is Ratchet Regal referring to Webster Place?
2025-09-27,https://boxd.it/bb7AQX,"Ah you should've pulled up, the crowd was super rowdy and into it!"
2025-09-30,https://boxd.it/bdfGFP,AMC Roosevelt?
2025-10-02,https://boxd.it/beBKlH,Would love to see a list of movies you look at most differently after becoming a father
2025-10-10,https://boxd.it/bjI9ar,What didn’t you like about the editing? I thought the screenplay was the bigger issue
2025-10-12,https://boxd.it/bkSQqh,Did they mention anything about release dates or distribution at the Q&A?
2025-10-12,https://boxd.it/blbXWn,I also watched this tonight wtf
2025-10-12,https://boxd.it/bldzrT,LMAO my b
2025-10-17,https://boxd.it/botkpH,"Too long, write a shorter review next time :/"
2025-10-21,https://boxd.it/br15Cx,"Too long, write a shorter review next time :/"
2025-10-22,https://boxd.it/brX5Bb,"I think we have a very similar schedule, every time I’ve logged a CIFF movie you’ve logged the exact same one lol"
2025-10-22,https://boxd.it/brX5Bb,"Haha I'm tall and I have a bridge, eyebrow, and nostril piercing, hopefully will be recognizable!"
2025-11-20,https://boxd.it/bLVVRB,I was working earlier! Must’ve missed you coming in
2025-11-20,https://boxd.it/bLVVRB,"It’s all good, Wicked opened today so we were pretty slammed haha"
2025-11-21,https://boxd.it/bM2nbv,I think he’s still capable of doing something great. This just being a $100+ million budget under Paramount with their meddling clearly kept him from his full potential more than half the time
2025-11-23,https://boxd.it/bOcTBX,Oh let's go I got a hype train going
2025-11-24,https://boxd.it/bP3CPJ,The studio told us we didn’t have the budget for all the effects :/
2025-11-24,https://boxd.it/bNnt5T,I was so confused what you meant by this but having seen the movie I get it now
2025-11-30,https://boxd.it/bSCXSL,"I saw the film at CIFF, and while I agree that the film is light on social commentary, the sheer emotionality of it really struck and has resonated with me. I saw the film as being about escapism vs. survival, and the way the film presents the characters’ journey and the situations they find themselves in (in relation to this) had me really gripped and ultimately pretty fascinated.

I enjoyed your write-up, just wanted to give my personal take"
2025-12-03,https://boxd.it/bUFxmN,This is already on planes??
2025-12-03,https://boxd.it/bUFxmN,That’s actually crazy lmfao it hasn’t even finished expanding in theaters yet
2025-12-25,https://boxd.it/ccwJI1,"Lmao my family wanted to see it with me, and honestly I enjoyed it enough the first time that I didn't mind"
2025-12-26,https://boxd.it/cdshpV,"The only scene I can single out is the first phone call where they talk about rape and really gross descriptions of vaginas, but I meant more generally just because this is the polar opposite of the kind of Christmas movies my family and I watch together"
2025-12-31,https://boxd.it/ckW5Qt,"Agh that sucks, you should totally make the trip out if you’re possibly able to though. It’s so repetitive to say about everything, but this really is such a theater movie"
2026-01-03,https://boxd.it/cp2Im1,"What can I say, I love what I love. Also I think you’re wrong on this one"
2026-01-03,https://boxd.it/cp2Im1,"This looks fine, and I’ll take this visual look with a screenplay as earnest and enjoyable and full of life as Is This Thing On over the visual pleasures but mediocre, forgettable, and droning writing of Maestro. Visuals ain’t everything!"
2026-01-15,https://boxd.it/cE7kNH,Glad you mentioned his writing in particular since I can't think of a better filmmaker in history at writing and directing performances as true to life as this
2026-01-22,https://boxd.it/cLoIqf,How did you see this already
2026-01-23,https://boxd.it/RZxLu,"Yeah I totally went on autopilot when I put that on my list at first lmao

And yeah it completely got snubbed. Would’ve been one of the best but at least we got the car movie that most people forgot about!!!"
2026-01-25,https://boxd.it/cOopPR,"Just based on synopsis and initial reviews, sounds like this might be the first major documentary of 2026?"
2026-01-26,https://boxd.it/cOopPR,Can’t wait to hear about that
2026-02-06,https://boxd.it/d0eMTP,How were the iPad shots?
2026-02-08,https://boxd.it/d1sWwD,Lol hey there’s always time to catch up
2026-02-12,https://boxd.it/d5SLth,Is this better than Falcon and the Winter Soldier
2026-03-12,https://boxd.it/dujekr,I had no idea you were even paying attention lmao
2026-03-13,https://boxd.it/duj6Vp,Cassavetes so good dude
2026-03-29,https://boxd.it/RMfLq,Wait why the fuck did I forget <i>Faces of Death</i>
2026-04-04,https://boxd.it/dOX0iB,I also thought about The Incredibles while watching… the Giacchino effect
2026-04-07,https://boxd.it/dRyLah,"Your review was featured on the <a href=""https://www.instagram.com/p/DWzgzC1kS8b/?img_index=6&igsh=ZnI4YXFmZjNuNGN0"" title=""IFC insta"">IFC insta</a>"
